,date,close,high,low,open,volume,adjClose,adjHigh,adjLow,adjOpen,adjVolume,divCash,splitFactor
0,2023-05-04,26.9,26.98,25.25,25.53,77004186,25.1503591682,25.2251557754,23.6076791449,23.8694672701,77004186,0.0,1.0
1,2023-05-05,26.5,27.03,26.21,26.66,11291975,24.7763761323,25.2719036549,24.5052384312,24.9259693467,11291975,0.0,1.0
2,2023-05-08,26.51,26.85,25.91,26.33,6308269,24.7857257082,25.1036112888,24.2247511542,24.617433342,6308269,0.0,1.0
3,2023-05-09,26.28,26.84,26.07,26.51,4684394,24.5706854625,25.0942617129,24.3743443686,24.7857257082,4684394,0.0,1.0
4,2023-05-10,26.25,26.77,26.01,26.28,9602428,24.5426367348,25.0288146816,24.3182469132,24.5706854625,9602428,0.0,1.0
5,2023-05-11,26.0,26.33,26.0,26.03,5687334,24.3088973373,24.617433342,24.3088973373,24.336946065,5687334,0.0,1.0
6,2023-05-12,26.5,26.62,25.9,26.02,5433845,24.7763761323,24.8885710431,24.2154015783,24.3275964891,5433845,0.0,1.0
7,2023-05-15,27.5,27.795,26.5,26.5,7083230,25.7113337222,25.9871462112,24.7763761323,24.7763761323,7083230,0.0,1.0
8,2023-05-16,27.03,27.77,26.99,27.54,3820087,25.2719036549,25.9637722715,25.2345053513,25.7487320258,3820087,0.0,1.0
9,2023-05-17,27.22,27.7,26.6,27.3,3392263,25.449545597,25.8983252402,24.8698718913,25.5243422042,3392263,0.0,1.0
10,2023-05-18,27.04,27.35,26.7,27.22,2648060,25.2812532308,25.5710900837,24.9633676503,25.449545597,2648060,0.0,1.0
11,2023-05-19,27.23,27.2586,26.69,27.04,1794414,25.4588951729,25.48563496,24.9540180744,25.2812532308,1794414,0.0,1.0
12,2023-05-22,26.07,27.43,25.96,27.33,7509571,24.3743443686,25.6458866909,24.2714990337,25.5523909319,7509571,0.0,1.0
13,2023-05-23,26.0,26.2599,25.81,26.01,2485156,24.3088973373,24.551892815,24.1312553953,24.3182469132,2485156,0.0,1.0
14,2023-05-24,26.45,26.55,25.86,26.01,1953645,24.7296282528,24.8231240118,24.1780032748,24.3182469132,1953645,0.0,1.0
15,2023-05-25,26.33,26.64,25.9,26.5,2139387,24.617433342,24.9072701949,24.2154015783,24.7763761323,2139387,0.0,1.0
16,2023-05-26,26.3,26.43,26.2,26.43,844146,24.5893846143,24.710929101,24.4958888553,24.710929101,844146,0.0,1.0
17,2023-05-30,25.73,26.5,25.13,26.28,6340180,24.0564587881,24.7763761323,23.4954842341,24.5706854625,6340180,0.0,1.0
18,2023-05-31,25.09,25.62,24.99,25.62,6347431,23.4580859305,23.9536134532,23.3645901715,23.9536134532,6347431,0.0,1.0
19,2023-06-01,25.28,25.64,24.75,25.3,6072717,23.6357278726,23.972312605,23.14020035,23.6544270244,6072717,0.0,1.0
20,2023-06-02,25.55,25.7,24.97,25.26,2329438,23.8881664219,24.0284100604,23.3458910197,23.6170287208,2329438,0.0,1.0
21,2023-06-05,25.15,25.77,24.83,25.58,4737310,23.5141833859,24.0938570917,23.2149969572,23.9162151496,4737310,0.0,1.0
22,2023-06-06,25.17,25.39,24.9,25.0,1315152,23.5328825377,23.7385732075,23.2804439885,23.3739397474,1315152,0.0,1.0
23,2023-06-07,25.08,25.255,24.91,25.1,1626684,23.4487363546,23.6123539329,23.2897935643,23.4674355064,1626684,0.0,1.0
24,2023-06-08,25.11,25.16,24.81,24.99,2712896,23.4767850823,23.5235329618,23.1962978054,23.3645901715,2712896,0.0,1.0
25,2023-06-09,25.1,25.16,24.85,25.05,1874183,23.4674355064,23.5235329618,23.233696109,23.4206876269,1874183,0.0,1.0
26,2023-06-12,25.02,25.2,24.75,25.01,2619908,23.3926388992,23.5609312654,23.14020035,23.3832893233,2619908,0.0,1.0
27,2023-06-13,25.13,25.22,24.96,24.99,2039885,23.4954842341,23.5796304172,23.3365414438,23.3645901715,2039885,0.0,1.0
28,2023-06-14,25.34,25.49,25.12,25.13,2412020,23.691825328,23.8320689665,23.4861346582,23.4954842341,2412020,0.0,1.0
29,2023-06-15,25.75,25.95,25.18,25.4,1442937,24.0751579399,24.2621494578,23.5422321136,23.7479227834,1442937,0.0,1.0
30,2023-06-16,26.25,26.26,25.7,25.85,2333040,24.5426367348,24.5519863107,24.0284100604,24.1686536989,2333040,0.0,1.0
31,2023-06-20,26.06,26.38,25.94,25.95,1487482,24.3649947927,24.6641812215,24.2527998819,24.2621494578,1487482,0.0,1.0
32,2023-06-21,26.2,26.7,25.77,26.19,3606079,24.4958888553,24.9633676503,24.0938570917,24.4865392794,3606079,0.0,1.0
33,2023-06-22,26.55,26.6,26.1985,26.2,1130722,24.8231240118,24.8698718913,24.4944864189,24.4958888553,1130722,0.0,1.0
34,2023-06-23,26.48,26.74,26.27,26.55,2793408,24.7576769805,25.0007659539,24.5613358866,24.8231240118,2793408,0.0,1.0
35,2023-06-26,26.15,26.6,26.02,26.59,2507277,24.4491409758,24.8698718913,24.3275964891,24.8605223154,2507277,0.0,1.0
36,2023-06-27,25.89,26.07,25.19,26.02,2904635,24.2060520024,24.3743443686,23.5515816895,24.3275964891,2904635,0.0,1.0
37,2023-06-28,25.8,26.02,25.67,25.9,1807858,24.1219058194,24.3275964891,24.0003613327,24.2154015783,1807858,0.0,1.0
38,2023-06-29,25.99,26.22,25.71,25.74,1353886,24.2995477614,24.5145880071,24.0377596363,24.065808364,1353886,0.0,1.0
39,2023-06-30,26.42,26.66,25.97,26.04,3936600,24.7015795251,24.9259693467,24.2808486096,24.3462956409,3936600,0.0,1.0
40,2023-07-03,26.04,26.6,25.8,26.31,7558590,24.3462956409,24.8698718913,24.1219058194,24.5987341902,7558590,0.0,1.0
41,2023-07-05,25.7,26.25,25.62,25.91,1990827,24.0284100604,24.5426367348,23.9536134532,24.2247511542,1990827,0.0,1.0
42,2023-07-06,25.62,25.805,25.38,25.55,4856965,23.9536134532,24.1265806073,23.7292236316,23.8881664219,4856965,0.0,1.0
43,2023-07-07,25.22,25.65,25.21,25.62,1793704,23.5796304172,23.9816621809,23.5702808413,23.9536134532,1793704,0.0,1.0
44,2023-07-10,25.25,25.525,25.1,25.31,2121159,23.6076791449,23.8647924821,23.4674355064,23.6637766003,2121159,0.0,1.0
45,2023-07-11,25.08,25.55,25.005,25.48,1942721,23.4487363546,23.8881664219,23.3786145354,23.8227193906,1942721,0.0,1.0
46,2023-07-12,25.25,25.37,24.96,25.27,2320852,23.6076791449,23.7198740557,23.3365414438,23.6263782967,2320852,0.0,1.0
47,2023-07-13,25.4,25.5,24.88,25.42,2477990,23.7479227834,23.8414185424,23.2617448367,23.7666219352,2477990,0.0,1.0
48,2023-07-14,24.94,25.61,24.72,25.53,3830357,23.317842292,23.9442638773,23.1121516223,23.8694672701,3830357,0.0,1.0
49,2023-07-17,24.89,25.06,24.74,24.9,1709357,23.2710944126,23.4300372028,23.1308507741,23.2804439885,1709357,0.0,1.0
50,2023-07-18,24.81,25.03,24.745,24.75,1713515,23.1962978054,23.4019884751,23.135525562,23.14020035,1713515,0.0,1.0
51,2023-07-19,25.0,25.04,24.5,24.88,2870757,23.3739397474,23.411338051,22.9064609525,23.2617448367,2870757,0.0,1.0
52,2023-07-20,24.51,24.6157,22.49,23.95,36675606,22.9158105284,23.0146355456,21.0271961968,22.392234278,36675606,0.0,1.0
53,2023-07-21,24.01,24.88,23.7801,24.65,14587910,22.4483317334,23.2617448367,22.2333849835,23.046704591,14587910,0.0,1.0
54,2023-07-24,24.16,24.41,23.12,23.17,22641618,22.5885753719,22.8223147694,21.6162194784,21.6629673579,22641618,0.0,1.0
55,2023-07-25,25.12,25.12,24.15,24.34,15018140,23.4861346582,23.4861346582,22.579225796,22.7568677381,15018140,0.0,1.0
56,2023-07-26,24.69,25.23,24.285,25.09,10716442,23.0841028946,23.5889799931,22.7054450707,23.4580859305,10716442,0.0,1.0
57,2023-07-27,24.24,25.0,23.96,24.95,11476343,22.6633719791,23.3739397474,22.4015838539,23.3271918679,11476343,0.0,1.0
58,2023-07-28,24.4,24.43,24.05,24.23,13217823,22.8129651935,22.8410139212,22.485730037,22.6540224032,13217823,0.0,1.0
59,2023-07-31,23.68,24.08,23.495,24.01,14634905,22.1397957288,22.5137787647,21.9668285746,22.4483317334,14634905,0.0,1.0
60,2023-08-01,23.65,23.77,23.38,23.51,14687140,22.1117470011,22.2239419119,21.8593084518,21.9808529385,14687140,0.0,1.0
61,2023-08-02,23.9,23.92,23.37,23.55,16233758,22.3454863986,22.3641855504,21.8499588759,22.0182512421,16233758,0.0,1.0
62,2023-08-03,23.99,24.435,23.75,24.03,16110957,22.4296325816,22.8456887091,22.2052427601,22.4670308852,16110957,0.0,1.0
63,2023-08-04,23.53,24.02,23.27,24.02,20999546,21.9995520903,22.4576813093,21.7564631169,22.4576813093,20999546,0.0,1.0
64,2023-08-07,23.54,23.6763,23.32,23.67,15379083,22.0089016662,22.1363363857,21.8032109964,22.1304461529,15379083,0.0,1.0
65,2023-08-08,23.38,23.55,23.21,23.55,20150645,21.8593084518,22.0182512421,21.7003656615,22.0182512421,20150645,0.0,1.0
66,2023-08-09,23.35,23.44,23.06,23.3,40849128,21.8312597241,21.9154059072,21.560122023,21.7845118446,40849128,0.0,1.0
67,2023-08-10,23.37,23.89,23.11,23.75,51365453,21.8499588759,22.3361368227,21.6068699025,22.2052427601,51365453,0.0,1.0
68,2023-08-11,23.72,23.8,23.25,23.3,46063248,22.1771940324,22.2519906396,21.7377639651,21.7845118446,46063248,0.0,1.0
69,2023-08-14,22.94,23.7,22.85,23.6,89481198,21.4479271123,22.1584948806,21.3637809292,22.0649991216,89481198,0.0,1.0
70,2023-08-15,23.26,23.77,22.64,22.92,105996543,21.747113541,22.2239419119,21.1674398353,21.4292279605,105996543,0.0,1.0
71,2023-08-16,22.93,23.55,22.81,23.49,86179183,21.4385775364,22.0182512421,21.3263826256,21.9621537867,86179183,0.0,1.0
72,2023-08-17,22.78,23.29,22.55,23.12,71709344,21.2983338979,21.7751622687,21.0832936522,21.6162194784,71709344,0.0,1.0
73,2023-08-18,22.87,23.0,22.36,22.96,93537450,21.382480081,21.5040245676,20.9056517101,21.466626264,93537450,0.0,1.0
74,2023-08-21,22.9,23.69,22.81,23.17,178017494,21.4105288087,22.1491453047,21.3263826256,21.6629673579,178017494,0.0,1.0
75,2023-08-22,23.74,23.82,23.12,23.24,90558773,22.1958931842,22.2706897914,21.6162194784,21.7284143892,90558773,0.0,1.0
76,2023-08-23,23.62,24.05,23.62,23.85,119406822,22.0836982734,22.485730037,22.0836982734,22.2987385191,119406822,0.0,1.0
77,2023-08-24,23.66,24.1,23.14,23.96,372341273,22.121096577,22.5324779165,21.6349186302,22.4015838539,372341273,0.0,1.0
78,2023-08-25,22.97,23.29,22.82,23.2,86974649,21.6629673579,21.9647588057,21.5215026168,21.879879961,86974649,0.2,1.0
79,2023-08-28,22.97,23.2,22.61,22.92,39394971,21.6629673579,21.879879961,21.3234519792,21.6158124442,39394971,0.0,1.0
80,2023-08-29,22.86,23.125,22.57,22.73,59445836,21.5592265478,21.8091475904,21.2857280483,21.4366237721,59445836,0.0,1.0
81,2023-08-30,23.07,23.14,22.65,22.84,36093979,21.7572771853,21.8232940645,21.3611759102,21.5403645823,36093979,0.0,1.0
82,2023-08-31,23.05,23.33,23.01,23.09,36119737,21.7384152199,22.0024827366,21.7006912889,21.7761391508,36119737,0.0,1.0
83,2023-09-01,22.96,23.33,22.87,23.2,27566397,21.6535363752,22.0024827366,21.5686575305,21.879879961,27566397,0.0,1.0
84,2023-09-05,22.61,22.98,22.59,22.92,28465015,21.3234519792,21.6723983407,21.3045900137,21.6158124442,28465015,0.0,1.0
85,2023-09-06,22.38,22.71,22.3,22.66,24727734,21.1065393762,21.4177618066,21.0310915142,21.3706068929,24727734,0.0,1.0
86,2023-09-07,20.99,22.58,20.96,22.44,102648329,19.7956327751,21.295159031,19.7673398268,21.1631252726,102648329,0.0,1.0
87,2023-09-08,21.3,21.43,20.375,20.86,59636110,20.08799324,20.2105960157,19.2156273364,19.6730299994,59636110,0.0,1.0
88,2023-09-11,22.07,22.18,21.6,22.13,42830617,20.8141789112,20.9179197213,20.3709227223,20.8707648076,42830617,0.0,1.0
89,2023-09-12,21.06,22.12,21.01,22.08,43697182,19.8616496542,20.8613338249,19.8144947405,20.8236098939,43697182,0.0,1.0
90,2023-09-13,21.6,21.91,21.08,21.09,35434531,20.3709227223,20.6632831873,19.8805116197,19.8899426025,35434531,0.0,1.0
91,2023-09-14,21.74,21.83,21.495,21.83,22195675,20.5029564807,20.5878353254,20.2718974035,20.5878353254,22195675,0.0,1.0
92,2023-09-15,21.22,21.87,21.2,21.72,32265181,20.0125453781,20.6255592563,19.9936834126,20.4840945152,32265181,0.0,1.0
93,2023-09-18,21.08,21.35,20.83,21.35,18035266,19.8805116197,20.1351481538,19.6447370512,20.1351481538,18035266,0.0,1.0
94,2023-09-19,21.06,21.1,20.69,20.91,21146004,19.8616496542,19.8993735852,19.5127032928,19.7201849131,21146004,0.0,1.0
95,2023-09-20,20.89,21.4,20.88,21.25,15624589,19.7013229476,20.1823030675,19.6918919649,20.0408383263,15624589,0.0,1.0
96,2023-09-21,20.84,21.26,20.71,20.92,20602784,19.6541680339,20.0502693091,19.5315652583,19.7296158959,20602784,0.0,1.0
97,2023-09-22,20.55,21.025,20.5,20.95,14866415,19.3806695344,19.8286412146,19.3335146207,19.7579088441,14866415,0.0,1.0
98,2023-09-25,20.83,20.85,20.47,20.51,16272155,19.6447370512,19.6635990167,19.3052216725,19.3429456034,16272155,0.0,1.0
99,2023-09-26,20.64,20.85,20.48,20.59,23574250,19.4655483791,19.6635990167,19.3146526552,19.4183934654,23574250,0.0,1.0
100,2023-09-27,20.22,20.8,20.04,20.71,25270473,19.0694471039,19.616444103,18.8996894146,19.5315652583,25270473,0.0,1.0
101,2023-09-28,20.11,20.28,19.95,20.12,32556751,18.9657062938,19.1260330004,18.8148105699,18.9751372765,32556751,0.0,1.0
102,2023-09-29,20.08,20.325,20.02,20.27,27974934,18.9374133455,19.1684724227,18.8808274491,19.1166020176,27974934,0.0,1.0
103,2023-10-02,20.32,20.48,20.135,20.24,25296058,19.1637569313,19.3146526552,18.9892837506,19.0883090694,25296058,0.0,1.0
104,2023-10-03,19.99,20.59,19.91,20.39,24924452,18.8525345009,19.4183934654,18.7770866389,19.2297738105,24924452,0.0,1.0
105,2023-10-04,19.73,19.99,19.55,19.92,19610513,18.6073289496,18.8525345009,18.4375712602,18.7865176217,19610513,0.0,1.0
106,2023-10-05,19.76,19.905,19.58,19.81,18014860,18.6356218978,18.7723711476,18.4658642085,18.6827768115,18014860,0.0,1.0
107,2023-10-06,20.07,20.26,19.39,19.67,25090299,18.9279823628,19.1071710349,18.2866755364,18.5507430531,25090299,0.0,1.0
108,2023-10-09,19.87,20.125,19.67,19.87,16032818,18.739362708,18.9798527679,18.5507430531,18.739362708,16032818,0.0,1.0
109,2023-10-10,19.69,20.08,19.63,19.92,13937911,18.5696050186,18.9374133455,18.5130191222,18.7865176217,13937911,0.0,1.0
110,2023-10-11,19.57,19.88,19.36,19.83,20414732,18.4564332257,18.7487936907,18.2583825881,18.701638777,20414732,0.0,1.0
111,2023-10-12,19.32,19.72,19.235,19.6,14461536,18.2206586572,18.5978979668,18.1404953039,18.4847261739,14461536,0.0,1.0
112,2023-10-13,19.37,19.49,19.25,19.38,16411302,18.2678135709,18.3809853638,18.154641778,18.2772445536,16411302,0.0,1.0
113,2023-10-16,19.54,19.72,19.095,19.37,15271968,18.4281402775,18.5978979668,18.0084615455,18.2678135709,15271968,0.0,1.0
114,2023-10-17,19.78,19.9,19.01,19.29,18750323,18.6544838633,18.7676556562,17.9282981922,18.1923657089,18750323,0.0,1.0
115,2023-10-18,20.06,20.08,19.69,19.79,18294344,18.9185513801,18.9374133455,18.5696050186,18.663914846,18294344,0.0,1.0
116,2023-10-19,19.84,20.209,19.82,20.05,18831507,18.7110697597,19.0590730229,18.6922077943,18.9091203973,18831507,0.0,1.0
117,2023-10-20,19.74,20.03,19.72,19.87,24057652,18.6167599323,18.8902584318,18.5978979668,18.739362708,24057652,0.0,1.0
118,2023-10-23,19.68,19.805,19.425,19.52,19716498,18.5601740359,18.6780613201,18.319683976,18.409278312,19716498,0.0,1.0
119,2023-10-24,19.98,20.0025,19.65,19.68,21650931,18.8431035181,18.8643232293,18.5318810876,18.5601740359,21650931,0.0,1.0
120,2023-10-25,19.73,20.119,19.72,20.0,24711170,18.6073289496,18.9741941782,18.5978979668,18.8619654836,24711170,0.0,1.0
121,2023-10-26,18.69,19.13,18.5,18.85,60514869,17.6265067444,18.0414699851,17.4473180723,17.7774024683,60514869,0.0,1.0
122,2023-10-27,18.21,18.71,18.085,18.605,43215557,17.1738195728,17.6453687099,17.0559322886,17.5463433911,43215557,0.0,1.0
123,2023-10-30,18.64,18.875,17.82,18.34,39398768,17.5793518307,17.8009799252,16.8060112459,17.2964223485,39398768,0.0,1.0
124,2023-10-31,18.6,18.88,18.5,18.81,81622563,17.5416278998,17.8056954165,17.4473180723,17.7396785373,81622563,0.0,1.0
125,2023-11-01,18.88,18.9,18.405,18.58,20218187,17.8056954165,17.824557382,17.3577237363,17.5227659343,20218187,0.0,1.0
126,2023-11-02,19.23,19.245,18.78,19.0,15439040,18.1357798125,18.1499262866,17.7113855891,17.9188672094,15439040,0.0,1.0
127,2023-11-03,19.37,19.71,19.3,19.49,16874271,18.2678135709,18.5884669841,18.2017966917,18.3809853638,16874271,0.0,1.0
128,2023-11-06,19.35,19.54,19.24,19.46,13242046,18.2489516054,18.4281402775,18.1452107952,18.3526924156,13242046,0.0,1.0
129,2023-11-07,19.6,19.61,19.1857,19.22,12172557,18.6733458288,18.682873046,18.2786332177,18.3113115729,12172557,0.2,1.0
130,2023-11-08,19.16,19.705,19.11,19.56,13552103,18.2541482694,18.77338161,18.2065121831,18.6352369597,13552103,0.0,1.0
131,2023-11-09,19.22,19.3,19.04,19.28,10423424,18.3113115729,18.387529311,18.1398216622,18.3684748765,10423424,0.0,1.0
132,2023-11-10,19.15,19.315,19.09,19.25,14475660,18.2446210521,18.4018201369,18.1874577485,18.3398932247,14475660,0.0,1.0
133,2023-11-13,19.1,19.19,18.995,19.15,14283871,18.1969849658,18.2827299211,18.0969491846,18.2446210521,14283871,0.0,1.0
134,2023-11-14,19.41,19.6,19.12,19.24,16003870,18.4923287008,18.6733458288,18.2160394003,18.3303660074,16003870,0.0,1.0
135,2023-11-15,19.6,19.77,19.49,19.59,16026467,18.6733458288,18.8353085222,18.5685464389,18.6638186115,16026467,0.0,1.0
136,2023-11-16,19.61,19.64,19.47,19.56,12664990,18.682873046,18.7114546978,18.5494920044,18.6352369597,12664990,0.0,1.0
137,2023-11-17,19.68,19.81,19.48,19.56,12840938,18.7495635669,18.8734173912,18.5590192217,18.6352369597,12840938,0.0,1.0
138,2023-11-20,19.75,19.88,19.46,19.71,18248806,18.8162540877,18.940107912,18.5399647871,18.7781452186,18248806,0.0,1.0
139,2023-11-21,19.9,20.04,19.72,19.74,17663032,18.9591623466,19.0925433882,18.7876724359,18.8067268704,17663032,0.0,1.0
140,2023-11-22,20.04,20.31,19.97,20.0,21324353,19.0925433882,19.3497782542,19.0258528674,19.0544345192,21324353,0.0,1.0
141,2023-11-24,20.25,20.495,20.12,20.12,12663678,19.2926149506,19.5260317735,19.1687611263,19.1687611263,12663678,0.0,1.0
142,2023-11-27,20.16,20.27,20.01,20.19,32839917,19.2068699953,19.3116693852,19.0639617364,19.2354516471,32839917,0.0,1.0
143,2023-11-28,20.16,20.25,20.08,20.15,19154521,19.2068699953,19.2926149506,19.1306522572,19.1973427781,19154521,0.0,1.0
144,2023-11-29,20.08,20.36,20.06,20.23,13457492,19.1306522572,19.3974143405,19.1115978227,19.2735605161,13457492,0.0,1.0
145,2023-11-30,20.44,20.46,20.04,20.22,47302832,19.4736320786,19.4926865131,19.0925433882,19.2640332989,47302832,0.0,1.0
146,2023-12-01,20.69,20.79,20.31,20.31,17798785,19.7118125101,19.8070846827,19.3497782542,19.3497782542,17798785,0.0,1.0
147,2023-12-04,20.62,20.85,20.5,20.62,22516193,19.6451219893,19.8642479862,19.5307953821,19.6451219893,22516193,0.0,1.0
148,2023-12-05,20.17,20.65,20.16,20.59,19199057,19.2163972126,19.673703641,19.2068699953,19.6165403375,19199057,0.0,1.0
149,2023-12-06,19.39,20.25,19.22,20.22,36951340,18.4732742663,19.2926149506,18.3113115729,19.2640332989,36951340,0.0,1.0
150,2023-12-07,20.81,21.3878,19.5,19.59,60070763,19.8261391172,20.3766217304,18.5780736562,18.6638186115,60070763,0.0,1.0
151,2023-12-08,20.61,21.0,20.6,20.88,24535970,19.635594772,20.0071562451,19.6260675547,19.892829638,24535970,0.0,1.0
152,2023-12-11,20.59,20.72,20.3,20.5,18094959,19.6165403375,19.7403941618,19.3402510369,19.5307953821,18094959,0.0,1.0
153,2023-12-12,20.75,20.91,20.37,20.66,17754963,19.7689758136,19.9214112898,19.4069415578,19.6832308583,17754963,0.0,1.0
154,2023-12-13,21.04,21.04,20.515,20.84,19393509,20.0452651142,20.0452651142,19.545086208,19.854720769,19393509,0.0,1.0
155,2023-12-14,21.06,21.26,20.83,21.13,19302401,20.0643195487,20.2548638939,19.8451935517,20.1310100695,19302401,0.0,1.0
156,2023-12-15,20.99,21.06,20.78,20.87,38178525,19.9976290279,20.0643195487,19.7975574654,19.8833024207,38178525,0.0,1.0
157,2023-12-18,21.01,21.13,20.88,21.1,16832851,20.0166834624,20.1310100695,19.892829638,20.1024284177,16832851,0.0,1.0
158,2023-12-19,21.47,22.305,21.235,22.25,50463526,20.4549354563,21.2504580975,20.2310458507,21.1980584026,50463526,0.0,1.0
159,2023-12-20,20.95,21.68,20.895,21.39,24956734,19.9595201588,20.6550070188,19.9071204639,20.3787177182,24956734,0.0,1.0
160,2023-12-21,21.22,21.24,20.92,21.05,14647236,20.2167550248,20.2358094593,19.930938507,20.0547923314,14647236,0.0,1.0
161,2023-12-22,21.36,21.42,21.21,21.25,9577745,20.3501360665,20.40729937,20.2072278076,20.2453366766,9577745,0.0,1.0
162,2023-12-26,21.29,21.395,21.135,21.25,8128632,20.2834455456,20.3834813269,20.1357736781,20.2453366766,8128632,0.0,1.0
163,2023-12-27,21.55,21.55,21.26,21.27,10851632,20.5311531944,20.5311531944,20.2548638939,20.2643911111,10851632,0.0,1.0
164,2023-12-28,21.47,21.65,21.39,21.525,8147094,20.4549354563,20.626425367,20.3787177182,20.5073351512,8147094,0.0,1.0
165,2023-12-29,21.53,21.56,21.33,21.41,9359235,20.5120987599,20.5406804117,20.3215544147,20.3977721528,9359235,0.0,1.0
166,2024-01-02,21.57,21.855,21.42,21.45,35216192,20.5502076289,20.8217333208,20.40729937,20.4358810218,35216192,0.0,1.0
167,2024-01-03,21.27,21.6,21.185,21.42,18892550,20.2643911111,20.5787892807,20.1834097644,20.40729937,18892550,0.0,1.0
168,2024-01-04,20.9,21.385,20.89,21.29,16729020,19.9118840725,20.3739541096,19.9023568553,20.2834455456,16729020,0.0,1.0
169,2024-01-05,21.35,21.41,20.939,21.0,24762372,20.3406088492,20.3977721528,19.9490402198,20.0071562451,24762372,0.0,1.0
170,2024-01-08,21.63,21.65,21.25,21.25,14321011,20.6073709325,20.626425367,20.2453366766,20.2453366766,14321011,0.0,1.0
171,2024-01-09,21.85,21.86,21.52,21.52,18106315,20.8169697122,20.8264969294,20.5025715426,20.5025715426,18106315,0.0,1.0
172,2024-01-10,21.77,21.9,21.55,21.8,17926077,20.7407519741,20.8646057985,20.5311531944,20.7693336259,17926077,0.0,1.0
173,2024-01-11,21.93,21.94,21.46,21.69,16607593,20.8931874503,20.9027146675,20.4454082391,20.664534236,16607593,0.0,1.0
174,2024-01-12,21.51,22.04,21.44,22.0,16986452,20.4930443254,20.9979868401,20.4263538045,20.9598779711,16986452,0.0,1.0
175,2024-01-16,21.23,21.495,21.08,21.43,12962433,20.2262822421,20.4787534995,20.0833739832,20.4168265873,12962433,0.0,1.0
176,2024-01-17,20.98,21.245,20.925,21.06,14488852,19.9881018106,20.240573068,19.9357021157,20.0643195487,14488852,0.0,1.0
177,2024-01-18,20.94,21.01,20.73,20.89,9154624,19.9499929416,20.0166834624,19.7499213791,19.9023568553,9154624,0.0,1.0
178,2024-01-19,20.71,20.95,20.53,20.95,15841766,19.7308669446,19.9595201588,19.5593770339,19.9595201588,15841766,0.0,1.0
179,2024-01-22,20.44,20.69,20.28,20.52,20041562,19.4736320786,19.7118125101,19.3211966024,19.5498498167,20041562,0.0,1.0
180,2024-01-23,20.91,20.98,20.56,20.595,16013164,19.9214112898,19.9881018106,19.5879586857,19.6213039461,16013164,0.0,1.0
181,2024-01-24,20.43,20.975,20.41,20.87,12343999,19.4641048613,19.983338202,19.4450504268,19.8833024207,12343999,0.0,1.0
182,2024-01-25,20.75,20.79,20.4406,20.6,12613713,19.7689758136,19.8070846827,19.4742037116,19.6260675547,12613713,0.0,1.0
183,2024-01-26,20.84,20.99,20.79,20.89,14121370,19.854720769,19.9976290279,19.8070846827,19.9023568553,14121370,0.0,1.0
184,2024-01-29,21.04,21.11,20.82,20.84,10817159,20.0452651142,20.111955635,19.8356663344,19.854720769,10817159,0.0,1.0
185,2024-01-30,20.87,20.98,20.7125,20.95,10593626,19.8833024207,19.9881018106,19.7332487489,19.9595201588,10593626,0.0,1.0
186,2024-01-31,20.76,20.96,20.73,20.95,13225751,19.7785030309,19.9690473761,19.7499213791,19.9595201588,13225751,0.0,1.0
187,2024-02-01,20.89,21.0,20.54,20.78,11400563,19.9023568553,20.0071562451,19.5689042512,19.7975574654,11400563,0.0,1.0
188,2024-02-02,20.83,20.92,20.63,20.72,12678943,19.8451935517,19.930938507,19.6546492065,19.7403941618,12678943,0.0,1.0
189,2024-02-05,20.48,20.75,20.2528,20.75,12643366,19.5117409476,19.7689758136,19.2952825715,19.7689758136,12643366,0.0,1.0
190,2024-02-06,20.6,20.75,20.4,20.44,13267155,19.6260675547,19.7689758136,19.4355232095,19.4736320786,13267155,0.0,1.0
191,2024-02-07,20.52,20.74,20.41,20.74,26170257,19.5498498167,19.7594485964,19.4450504268,19.7594485964,26170257,0.0,1.0
192,2024-02-08,19.33,20.045,19.3,19.85,44119619,18.4161109628,19.0973069968,18.387529311,18.9115262603,44119619,0.0,1.0
193,2024-02-09,19.33,19.615,19.08,19.2,24589789,18.4161109628,18.6876366547,18.1779305313,18.2922571384,24589789,0.0,1.0
194,2024-02-12,19.59,19.64,19.305,19.47,17750933,18.6638186115,18.7114546978,18.3922929196,18.5494920044,17750933,0.0,1.0
195,2024-02-13,19.25,19.585,19.09,19.4,16678505,18.5304375699,18.8529153146,18.3764183485,18.6748305899,16678505,0.2,1.0
196,2024-02-14,19.09,19.365,19.01,19.22,15853010,18.3764183485,18.6411388852,18.2994087378,18.5015589659,15853010,0.0,1.0
197,2024-02-15,19.05,19.26,19.0,19.11,18646481,18.3379135432,18.5400637712,18.2897825365,18.3956707512,18646481,0.0,1.0
198,2024-02-16,19.05,19.1,18.915,19.01,16387575,18.3379135432,18.3860445499,18.2079598252,18.2994087378,16387575,0.0,1.0
199,2024-02-20,19.06,19.13,18.85,18.99,15817593,18.3475397445,18.4149231539,18.1453895165,18.2801563352,15817593,0.0,1.0
200,2024-02-21,19.3,19.335,18.9,19.1,12660727,18.5785685766,18.6122602812,18.1935205232,18.3860445499,12660727,0.0,1.0
201,2024-02-22,19.19,19.32,18.95,19.26,11359224,18.4726803619,18.5978209792,18.2416515298,18.5400637712,11359224,0.0,1.0
202,2024-02-23,19.18,19.325,19.05,19.15,13774642,18.4630541605,18.6026340799,18.3379135432,18.4341755565,13774642,0.0,1.0
203,2024-02-26,18.94,19.1419,18.84,19.14,17420163,18.2320253285,18.4263783335,18.1357633151,18.4245493552,17420163,0.0,1.0
204,2024-02-27,18.92,18.97,18.72,18.91,15954207,18.2127729258,18.2609039325,18.0202488991,18.2031467245,15954207,0.0,1.0
205,2024-02-28,19.14,19.17,18.71,18.93,16447667,18.4245493552,18.4534279592,18.0106226978,18.2223991272,16447667,0.0,1.0
206,2024-02-29,19.0,19.265,18.9,19.16,19298629,18.2897825365,18.5448768719,18.1935205232,18.4438017579,19298629,0.0,1.0
207,2024-03-01,18.82,18.94,18.69,18.82,14618598,18.1165109125,18.2320253285,17.9913702951,18.1165109125,14618598,0.0,1.0
208,2024-03-04,18.96,19.08,18.61,18.76,18745474,18.2512777312,18.3667921472,17.9143606844,18.0587537045,18745474,0.0,1.0
209,2024-03-05,19.01,19.2,18.83,18.91,19216175,18.2994087378,18.4823065632,18.1261371138,18.2031467245,19216175,0.0,1.0
210,2024-03-06,19.58,19.76,18.99,19.0,17447930,18.8481022139,19.021373838,18.2801563352,18.2897825365,17447930,0.0,1.0
211,2024-03-07,19.8,20.23,19.665,19.69,22511017,19.0598786433,19.4738053007,18.9299249253,18.9539904286,22511017,0.0,1.0
212,2024-03-08,20.02,20.13,19.67,19.69,11932668,19.2716550727,19.3775432874,18.934738026,18.9539904286,11932668,0.0,1.0
213,2024-03-11,20.15,20.34,20.02,20.06,12097463,19.39679569,19.5796935154,19.2716550727,19.310159878,12097463,0.0,1.0
214,2024-03-12,20.14,20.3894,20.12,20.19,11949882,19.3871694887,19.62724695,19.367917086,19.4353004954,11949882,0.0,1.0
215,2024-03-13,20.41,20.55,20.2,20.2,23548723,19.6470769247,19.7818437434,19.4449266967,19.4449266967,23548723,0.0,1.0
216,2024-03-14,20.07,20.37,19.915,20.26,18482284,19.3197860794,19.6085721194,19.1705799587,19.5026839047,18482284,0.0,1.0
217,2024-03-15,20.34,20.415,19.8,19.8,68562280,19.5796935154,19.6518900254,19.0598786433,19.0598786433,68562280,0.0,1.0
218,2024-03-18,20.2,20.38,19.97,20.11,18907574,19.4449266967,19.6181983207,19.223524066,19.3582908847,18907574,0.0,1.0
219,2024-03-19,20.2,20.4,20.1,20.34,18217348,19.4449266967,19.6374507234,19.3486646834,19.5796935154,18217348,0.0,1.0
220,2024-03-20,20.41,20.415,20.075,20.16,13173427,19.6470769247,19.6518900254,19.32459918,19.4064218914,13173427,0.0,1.0
221,2024-03-21,20.71,20.92,20.42,20.42,18323578,19.9358629648,20.1380131928,19.6567031261,19.6567031261,18323578,0.0,1.0
222,2024-03-22,20.6,20.87,20.54,20.78,10408924,19.8299747501,20.0898821862,19.7722175421,20.0032463741,10408924,0.0,1.0
223,2024-03-25,20.65,20.905,20.565,20.71,11924721,19.8781057568,20.1235738908,19.7962830454,19.9358629648,11924721,0.0,1.0
224,2024-03-26,20.93,21.02,20.64,20.72,14484299,20.1476393942,20.2342752062,19.8684795554,19.9454891661,14484299,0.0,1.0
225,2024-03-27,21.45,21.46,20.98,21.01,13286705,20.6482018636,20.6578280649,20.1957704008,20.2246490048,13286705,0.0,1.0
226,2024-03-28,21.46,21.58,21.36,21.58,14405440,20.6578280649,20.7733424809,20.5615660516,20.7733424809,14405440,0.0,1.0
227,2024-04-01,21.23,21.48,21.11,21.44,10406107,20.4364254342,20.6770804676,20.3209110182,20.6385756622,10406107,0.0,1.0
228,2024-04-02,20.82,21.3,20.8,21.25,15331250,20.0417511795,20.5038088436,20.0224987768,20.4556778369,15331250,0.0,1.0
229,2024-04-03,20.34,20.78,20.23,20.75,14548810,19.5796935154,20.0032463741,19.4738053007,19.9743677701,14548810,0.0,1.0
230,2024-04-04,20.17,20.58,20.15,20.51,12183122,19.4160480927,19.8107223474,19.39679569,19.7433389381,12183122,0.0,1.0
231,2024-04-05,20.25,20.31,20.05,20.12,11312970,19.4930577034,19.5508149114,19.3005336767,19.367917086,11312970,0.0,1.0
232,2024-04-08,20.06,20.26,20.05,20.25,9262823,19.310159878,19.5026839047,19.3005336767,19.4930577034,9262823,0.0,1.0
233,2024-04-09,20.35,20.45,19.99,20.09,10098488,19.5893197167,19.6855817301,19.2427764687,19.339038482,10098488,0.0,1.0
234,2024-04-10,20.24,20.29,20.01,20.14,11808097,19.483431502,19.5315625087,19.2620288713,19.3871694887,11808097,0.0,1.0
235,2024-04-11,19.45,19.98,19.35,19.96,25410054,18.7229615966,19.2331502673,18.6266995832,19.2138978647,25410054,0.0,1.0
236,2024-04-12,19.13,19.54,19.115,19.44,9414887,18.4149231539,18.8095974086,18.4004838519,18.7133353952,9414887,0.0,1.0
237,2024-04-15,19.13,19.3495,19.01,19.3,13423461,18.4149231539,18.6262182732,18.2994087378,18.5785685766,13423461,0.0,1.0
238,2024-04-16,19.11,19.17,18.85,19.08,20306587,18.3956707512,18.4534279592,18.1453895165,18.3667921472,20306587,0.0,1.0
239,2024-04-17,19.27,19.3499,19.05,19.33,10022879,18.5496899726,18.6266033212,18.3379135432,18.6074471806,10022879,0.0,1.0
240,2024-04-18,19.58,19.61,19.26,19.37,11215757,18.8481022139,18.8769808179,18.5400637712,18.6459519859,11215757,0.0,1.0
241,2024-04-19,19.58,19.69,19.385,19.49,9506274,18.8481022139,18.9539904286,18.6603912879,18.7614664019,9506274,0.0,1.0
242,2024-04-22,19.58,19.71,19.18,19.58,17453813,18.8481022139,18.9732428313,18.4630541605,18.8481022139,17453813,0.0,1.0
243,2024-04-23,19.37,19.715,19.265,19.6,19765061,18.6459519859,18.978055932,18.5448768719,18.8673546166,19765061,0.0,1.0
244,2024-04-24,19.13,19.35,19.105,19.27,22713827,18.4149231539,18.6266995832,18.3908576505,18.5496899726,22713827,0.0,1.0
245,2024-04-25,19.02,19.295,18.99,19.22,14246347,18.3090349392,18.5737554759,18.2801563352,18.5015589659,14246347,0.0,1.0
246,2024-04-26,18.86,19.08,18.835,19.0,15454689,18.1550157178,18.3667921472,18.1309502145,18.2897825365,15454689,0.0,1.0
247,2024-04-29,19.06,19.075,18.775,18.85,13240823,18.3475397445,18.3619790465,18.0731930065,18.1453895165,13240823,0.0,1.0
248,2024-04-30,18.82,19.06,18.74,18.91,26872694,18.1165109125,18.3475397445,18.0395013018,18.2031467245,26872694,0.0,1.0
249,2024-05-01,18.85,19.01,18.64,18.89,12771062,18.1453895165,18.2994087378,17.9432392884,18.1838943218,12771062,0.0,1.0
250,2024-05-02,19.12,19.26,18.94,18.94,22724700,18.4052969525,18.5400637712,18.2320253285,18.2320253285,22724700,0.0,1.0
251,2024-05-03,19.2,19.35,19.075,19.09,15941057,18.4823065632,18.6266995832,18.3619790465,18.3764183485,15941057,0.0,1.0
252,2024-05-06,19.08,19.38,18.935,19.32,26549625,18.3667921472,18.6555781872,18.2272122278,18.5978209792,26549625,0.0,1.0
253,2024-05-07,20.08,20.23,19.45,19.45,30039787,19.5219363074,19.6677675049,18.9094452778,18.9094452778,30039787,0.2,1.0
254,2024-05-08,20.45,20.68,19.99,20.08,24428758,19.8816532613,20.1052610974,19.4344375889,19.5219363074,24428758,0.0,1.0
255,2024-05-09,20.54,20.61,20.365,20.51,14394607,19.9691519798,20.0372065386,19.7990155827,19.9399857403,14394607,0.0,1.0
256,2024-05-10,20.54,20.615,20.33,20.59,15019483,19.9691519798,20.0420675785,19.7649883032,20.0177623789,15019483,0.0,1.0
257,2024-05-13,20.36,20.785,20.17,20.3,20853101,19.7941545427,20.2073429357,19.6094350259,19.7358220637,20853101,0.0,1.0
258,2024-05-14,20.63,20.95,20.39,20.5,21289467,20.0566506983,20.367757253,19.8233207823,19.9302636604,21289467,0.0,1.0
259,2024-05-15,20.54,20.745,20.12,20.2,97658178,19.9691519798,20.1684546164,19.5608246267,19.6386012654,97658178,0.0,1.0
260,2024-05-16,20.6,20.945,20.515,20.65,71519401,20.0274844588,20.3628962131,19.9448467802,20.0760948579,71519401,0.0,1.0
261,2024-05-17,20.47,20.74,20.38,20.72,31071005,19.9010974209,20.1635935765,19.8135987024,20.1441494168,31071005,0.0,1.0
262,2024-05-20,19.9,20.55,19.88,20.5,24636833,19.3469388704,19.9788740596,19.3274947107,19.9302636604,24636833,0.0,1.0
263,2024-05-21,19.97,20.1,19.67,19.93,27778988,19.4149934292,19.5413804671,19.1233310342,19.3761051099,27778988,0.0,1.0
264,2024-05-22,19.88,20.13,19.805,19.88,15202580,19.3274947107,19.5705467066,19.2545791119,19.3274947107,15202580,0.0,1.0
265,2024-05-23,19.44,19.9,19.38,19.86,16089705,18.899723198,19.3469388704,18.841390719,19.308050551,16089705,0.0,1.0
266,2024-05-24,19.35,19.55,19.135,19.47,24363713,18.8122244795,19.0066660762,18.603199763,18.9288894375,24363713,0.0,1.0
267,2024-05-28,19.25,19.41,19.1,19.21,16231091,18.7150036811,18.8705569585,18.5691724836,18.6761153618,16231091,0.0,1.0
268,2024-05-29,18.87,19.18,18.85,19.06,13002097,18.3455646474,18.6469491223,18.3261204878,18.5302841643,13002097,0.0,1.0
269,2024-05-30,18.99,19.12,18.84,18.87,17340093,18.4622296054,18.5886166433,18.3163984079,18.3455646474,17340093,0.0,1.0
270,2024-05-31,19.3,19.34,18.87,19.01,31659331,18.7636140803,18.8025023996,18.3455646474,18.4816737651,31659331,0.0,1.0
271,2024-06-03,19.24,19.47,19.12,19.14,15902648,18.7052816013,18.9288894375,18.5886166433,18.608060803,15902648,0.0,1.0
272,2024-06-04,19.15,19.26,18.915,19.26,18523468,18.6177828828,18.724725761,18.3893140067,18.724725761,18523468,0.0,1.0
273,2024-06-05,18.99,19.18,18.82,19.07,20674547,18.4622296054,18.6469491223,18.2969542483,18.5400062441,20674547,0.0,1.0
274,2024-06-06,18.63,18.98,18.52,18.85,27907777,18.1122347314,18.4525075256,18.0052918532,18.3261204878,27907777,0.0,1.0
275,2024-06-07,18.39,18.76,18.37,18.68,17923407,17.8789048154,18.2386217693,17.8594606557,18.1608451306,17923407,0.0,1.0
276,2024-06-10,18.29,18.41,18.085,18.28,16438294,17.781684017,17.898348975,17.5823813804,17.7719619372,16438294,0.0,1.0
277,2024-06-11,18.47,18.48,18.09,18.21,23197411,17.9566814541,17.9664035339,17.5872424204,17.7039073784,23197411,0.0,1.0
278,2024-06-12,17.96,18.6,17.9,18.5,19717811,17.4608553825,18.0830684919,17.4025229035,17.9858476936,19717811,0.0,1.0
279,2024-06-13,18.03,18.16,17.833,18.0,14768067,17.5289099413,17.6552969792,17.3373849686,17.4997437018,14768067,0.0,1.0
280,2024-06-14,18.07,18.08,17.75,17.89,15356133,17.5677982607,17.5775203405,17.256691706,17.3928008237,15356133,0.0,1.0
281,2024-06-17,18.79,18.82,17.96,17.96,20146688,18.2677880088,18.2969542483,17.4608553825,17.4608553825,20146688,0.0,1.0
282,2024-06-18,18.52,18.885,18.4,18.78,21747347,18.0052918532,18.3601477672,17.8886268952,18.2580659289,21747347,0.0,1.0
283,2024-06-20,18.84,18.86,18.55,18.65,24977061,18.3163984079,18.3358425676,18.0344580927,18.1316788911,24977061,0.0,1.0
284,2024-06-21,18.53,18.99,18.4,18.91,63342101,18.0150139331,18.4622296054,17.8886268952,18.3844529668,63342101,0.0,1.0
285,2024-06-24,18.9,18.98,18.685,18.82,19862831,18.3747308869,18.4525075256,18.1657061705,18.2969542483,19862831,0.0,1.0
286,2024-06-25,18.65,18.87,18.52,18.78,15265427,18.1316788911,18.3455646474,18.0052918532,18.2580659289,15265427,0.0,1.0
287,2024-06-26,18.59,18.61,18.26,18.5,16542197,18.0733464121,18.0927905717,17.7525177775,17.9858476936,16542197,0.0,1.0
288,2024-06-27,18.42,18.62,18.33,18.56,18657773,17.9080710549,18.1025126516,17.8205723364,18.0441801726,18657773,0.0,1.0
289,2024-06-28,18.18,18.59,18.04,18.43,57323267,17.6747411389,18.0733464121,17.5386320212,17.9177931347,57323267,0.0,1.0
290,2024-07-01,17.95,18.395,17.885,18.23,21089879,17.4511333027,17.8837658553,17.3879397837,17.723351538,21089879,0.0,1.0
291,2024-07-02,18.24,18.26,17.99,18.01,14781920,17.7330736179,17.7525177775,17.490021622,17.5094657817,14781920,0.0,1.0
292,2024-07-03,18.31,18.415,18.2,18.38,5859532,17.8011281767,17.903210015,17.6941852985,17.8691827355,5859532,0.0,1.0
293,2024-07-05,18.31,18.32,18.14,18.28,12172631,17.8011281767,17.8108502565,17.6358528195,17.7719619372,12172631,0.0,1.0
294,2024-07-08,18.25,18.29,18.0,18.29,15968426,17.7427956977,17.781684017,17.4997437018,17.781684017,15968426,0.0,1.0
295,2024-07-09,18.22,18.3,17.975,18.26,12147267,17.7136294582,17.7914060969,17.4754385023,17.7525177775,12147267,0.0,1.0
296,2024-07-10,17.7,18.24,17.675,18.14,24692574,17.2080813068,17.7330736179,17.1837761072,17.6358528195,24692574,0.0,1.0
297,2024-07-11,17.92,17.94,17.67,17.77,35772225,17.4219670632,17.4414112228,17.1789150673,17.2761358657,35772225,0.0,1.0
298,2024-07-12,18.34,18.41,17.96,18.11,12523548,17.8302944162,17.898348975,17.4608553825,17.60668658,12523548,0.0,1.0
299,2024-07-15,18.11,18.39,18.09,18.34,14171748,17.60668658,17.8789048154,17.5872424204,17.8302944162,14171748,0.0,1.0
300,2024-07-16,18.25,18.36,18.005,18.05,15408293,17.7427956977,17.8497385759,17.5046047418,17.548354101,15408293,0.0,1.0
301,2024-07-17,18.44,18.77,18.27,18.27,17834886,17.9275152146,18.2483438491,17.7622398574,17.7622398574,17834886,0.0,1.0
302,2024-07-18,18.32,18.75,18.31,18.45,14130965,17.8108502565,18.2288996894,17.8011281767,17.9372372944,14130965,0.0,1.0
303,2024-07-19,18.25,18.49,18.155,18.46,15412383,17.7427956977,17.9761256137,17.6504359393,17.9469593742,15412383,0.0,1.0
304,2024-07-22,18.23,18.27,18.0,18.21,15788768,17.723351538,17.7622398574,17.4997437018,17.7039073784,15788768,0.0,1.0
305,2024-07-23,17.93,18.23,17.91,18.09,12490959,17.431689143,17.723351538,17.4122449833,17.5872424204,12490959,0.0,1.0
306,2024-07-24,18.17,18.25,17.85,17.92,9390785,17.665019059,17.7427956977,17.3539125043,17.4219670632,9390785,0.0,1.0
307,2024-07-25,18.25,18.71,18.24,18.33,11082245,17.7427956977,18.1900113701,17.7330736179,17.8205723364,11082245,0.0,1.0
308,2024-07-26,18.69,18.785,18.31,18.37,11484659,18.1705672104,18.2629269688,17.8011281767,17.8594606557,11484659,0.0,1.0
309,2024-07-29,18.8,18.9,18.52,18.65,12564819,18.2775100886,18.3747308869,18.0052918532,18.1316788911,12564819,0.0,1.0
310,2024-07-30,18.75,18.81,18.305,18.52,12381341,18.2288996894,18.2872321684,17.7962671368,18.0052918532,12381341,0.0,1.0
311,2024-07-31,18.49,18.76,18.36,18.67,42056173,17.9761256137,18.2386217693,17.8497385759,18.1511230507,42056173,0.0,1.0
312,2024-08-01,18.63,18.7,18.39,18.67,12817628,18.1122347314,18.1802892902,17.8789048154,18.1511230507,12817628,0.0,1.0
313,2024-08-02,18.82,18.84,18.42,18.65,17688715,18.2969542483,18.3163984079,17.9080710549,18.1316788911,17688715,0.0,1.0
314,2024-08-05,18.19,18.87,18.105,18.71,21724931,17.6844632187,18.3455646474,17.6018255401,18.1900113701,21724931,0.0,1.0
315,2024-08-06,20.86,20.92,19.911,20.15,44403590,20.2802585345,20.3385910135,19.3576331582,19.5899908662,44403590,0.0,1.0
316,2024-08-07,20.62,21.05,20.45,20.69,24344691,20.0469286184,20.4649780513,19.8816532613,20.1149831773,24344691,0.0,1.0
317,2024-08-08,21.25,21.365,20.41,20.57,21849854,20.659419648,20.7712235661,19.8427649419,19.9983182193,21849854,0.0,1.0
318,2024-08-09,21.02,21.235,20.915,21.2,20636934,20.4358118118,20.6448365283,20.3337299736,20.6108092488,20636934,0.0,1.0
319,2024-08-12,21.09,21.155,20.84,21.08,17481103,20.5038663707,20.5670598896,20.2608143748,20.4941442908,17481103,0.0,1.0
320,2024-08-13,21.34,21.49,21.12,21.14,16625458,20.7469183665,20.892749564,20.5330326102,20.5524767698,16625458,0.0,1.0
321,2024-08-14,21.18,21.47,21.12,21.16,16462480,20.7906677258,21.075336925,20.7317706501,20.7710353672,16462480,0.205,1.0
322,2024-08-15,21.57,21.62,21.18,21.19,10727941,21.1734987179,21.2225796143,20.7906677258,20.8004839051,10727941,0.0,1.0
323,2024-08-16,21.67,21.71,21.36,21.44,11269850,21.2716605107,21.3109252279,20.9673589529,21.0458883872,11269850,0.0,1.0
324,2024-08-19,21.64,21.92,21.63,21.73,10019645,21.2422119729,21.5170649929,21.2323957936,21.3305575864,10019645,0.0,1.0
325,2024-08-20,21.55,21.71,21.395,21.64,11291457,21.1538663593,21.3109252279,21.0017155804,21.2422119729,11291457,0.0,1.0
326,2024-08-21,21.69,21.85,21.57,21.65,8446822,21.2912928693,21.4483517379,21.1734987179,21.2520281522,8446822,0.0,1.0
327,2024-08-22,21.56,21.765,21.23,21.69,12239498,21.1636825386,21.3649142139,20.8397486222,21.2912928693,12239498,0.0,1.0
328,2024-08-23,21.82,21.905,21.6,21.61,6785642,21.4189032,21.5023407239,21.2029472557,21.212763435,6785642,0.0,1.0
329,2024-08-26,21.96,22.055,21.805,21.86,9431510,21.55632971,21.6495834132,21.4041789311,21.4581679172,9431510,0.0,1.0
330,2024-08-27,21.92,22.09,21.74,22.0,10096275,21.5170649929,21.6839400407,21.3403737657,21.5955944271,10096275,0.0,1.0
331,2024-08-28,21.72,21.9567,21.59,21.95,7896100,21.3207414072,21.5530903708,21.1931310765,21.5465135307,7896100,0.0,1.0
332,2024-08-29,21.75,21.93,21.53,21.81,12053526,21.350189945,21.5268811722,21.1342340007,21.4090870207,12053526,0.0,1.0
333,2024-08-30,21.95,21.9549,21.72,21.83,14008532,21.5465135307,21.5513234586,21.3207414072,21.4287193793,14008532,0.0,1.0
334,2024-09-03,22.1,22.24,21.65,21.75,13880041,21.69375622,21.83118273,21.2520281522,21.350189945,13880041,0.0,1.0
335,2024-09-04,22.51,22.63,22.0,22.04,22603208,22.0962195707,22.2140137221,21.5955944271,21.6348591443,22603208,0.0,1.0
336,2024-09-05,22.51,22.68,22.38,22.56,15490312,22.0962195707,22.2630946185,21.96860924,22.1453004671,15490312,0.0,1.0
337,2024-09-06,22.86,23.0,22.5,22.51,18883374,22.4397858457,22.5772123557,22.0864033914,22.0962195707,18883374,0.0,1.0
338,2024-09-09,23.2,23.23,22.63,22.87,21843075,22.7735359414,22.8029844792,22.2140137221,22.4496020249,21843075,0.0,1.0
339,2024-09-10,23.05,23.466,22.89,23.16,15021172,22.6262932521,23.0346463103,22.4692343835,22.7342712242,15021172,0.0,1.0
340,2024-09-11,23.09,23.23,22.675,23.15,12941467,22.6655579692,22.8029844792,22.2581865289,22.7244550449,12941467,0.0,1.0
341,2024-09-12,23.08,23.19,22.7701,23.1,9270147,22.6557417899,22.7637197621,22.3515383939,22.6753741485,9270147,0.0,1.0
342,2024-09-13,23.39,23.41,23.04,23.16,11090876,22.9600433478,22.9796757063,22.6164770728,22.7342712242,11090876,0.0,1.0
343,2024-09-16,23.38,23.55,23.17,23.5,9220846,22.9502271685,23.1171022163,22.7440874035,23.0680213199,9220846,0.0,1.0
344,2024-09-17,23.39,23.52,23.15,23.47,13263749,22.9600433478,23.0876536785,22.7244550449,23.0385727821,13263749,0.0,1.0
345,2024-09-18,23.19,23.52,23.075,23.44,15225687,22.7637197621,23.0876536785,22.6508337003,23.0091242442,15225687,0.0,1.0
346,2024-09-19,22.9,23.45,22.885,23.34,13622620,22.4790505628,23.0189404235,22.4643262939,22.9109624513,13622620,0.0,1.0
347,2024-09-20,23.02,23.03,22.71,22.83,75871876,22.5968447142,22.6066608935,22.2925431564,22.4103373078,75871876,0.0,1.0
348,2024-09-23,23.02,23.15,22.76,22.83,20080844,22.5968447142,22.7244550449,22.3416240528,22.4103373078,20080844,0.0,1.0
349,2024-09-24,23.11,23.195,22.795,23.03,14365346,22.6851903278,22.7686278517,22.3759806803,22.6066608935,14365346,0.0,1.0
350,2024-09-25,23.0,23.3325,22.94,23.21,12625752,22.5772123557,22.9036003169,22.5183152799,22.7833521206,12625752,0.0,1.0
351,2024-09-26,23.13,23.29,23.03,23.15,12504567,22.7048226864,22.8618815549,22.6066608935,22.7244550449,12504567,0.0,1.0
352,2024-09-27,23.26,23.435,23.03,23.14,12450109,22.8324330171,23.0042161546,22.6066608935,22.7146388656,12450109,0.0,1.0
353,2024-09-30,23.13,23.49,23.075,23.36,17088315,22.7048226864,23.0582051406,22.6508337003,22.9305948099,17088315,0.0,1.0
354,2024-10-01,22.78,23.18,22.68,23.17,13640547,22.3612564114,22.7539035828,22.2630946185,22.7440874035,13640547,0.0,1.0
355,2024-10-02,22.63,22.73,22.4,22.7,16504922,22.2140137221,22.312175515,21.9882415985,22.2827269771,16504922,0.0,1.0
356,2024-10-03,22.27,22.55,22.25,22.48,10312466,21.8606312678,22.1354842878,21.8409989093,22.0667710328,10312466,0.0,1.0
357,2024-10-04,22.16,22.3513,22.12,22.3,8451647,21.7526532957,21.9404368054,21.7133885786,21.8900798057,8451647,0.0,1.0
358,2024-10-07,21.99,22.235,21.88,22.21,9859297,21.5857782479,21.8262746403,21.4778002757,21.8017341921,9859297,0.0,1.0
359,2024-10-08,21.85,22.075,21.76,22.07,11377073,21.4483517379,21.6692157718,21.3600061243,21.6643076821,11377073,0.0,1.0
360,2024-10-09,21.53,21.885,21.5,21.82,10437994,21.1342340007,21.4827083654,21.1047854629,21.4189032,10437994,0.0,1.0
361,2024-10-10,21.32,21.6,21.25,21.54,11911801,20.9280942358,21.2029472557,20.8593809808,21.14405018,11911801,0.0,1.0
362,2024-10-11,21.46,21.51,21.31,21.39,14513039,21.0655207458,21.1146016422,20.9182780565,20.9968074908,14513039,0.0,1.0
363,2024-10-14,21.6,21.685,21.29,21.36,18677071,21.2029472557,21.2863847797,20.8986456979,20.9673589529,18677071,0.0,1.0
364,2024-10-15,21.76,21.985,21.54,21.59,11925405,21.3600061243,21.5808701582,21.14405018,21.1931310765,11925405,0.0,1.0
365,2024-10-16,21.73,21.85,21.62,21.66,13919613,21.3305575864,21.4483517379,21.2225796143,21.2618443315,13919613,0.0,1.0
366,2024-10-17,21.45,21.84,21.37,21.84,12260690,21.0557045665,21.4385355586,20.9771751322,21.4385355586,12260690,0.0,1.0
367,2024-10-18,21.72,21.74,21.385,21.51,13309715,21.3207414072,21.3403737657,20.9918994011,21.1146016422,13309715,0.0,1.0
368,2024-10-21,22.92,23.39,22.8,22.95,38291807,22.4986829214,22.9600433478,22.38088877,22.5281314592,38291807,0.0,1.0
369,2024-10-22,22.93,23.05,22.5301,22.55,18081263,22.5084991007,22.6262932521,22.115950091,22.1354842878,18081263,0.0,1.0
370,2024-10-23,22.76,22.955,22.51,22.82,10664380,22.3416240528,22.5330395489,22.0962195707,22.4005211285,10664380,0.0,1.0
371,2024-10-24,22.97,23.09,22.775,22.9,11664244,22.5477638178,22.6655579692,22.3563483217,22.4790505628,11664244,0.0,1.0
372,2024-10-25,22.64,23.02,22.63,22.96,8395809,22.2238299014,22.5968447142,22.2140137221,22.5379476385,8395809,0.0,1.0
373,2024-10-28,22.88,22.89,22.575,22.85,10540287,22.4594182042,22.4692343835,22.160024736,22.4299696664,10540287,0.0,1.0
374,2024-10-29,22.78,22.909,22.63,22.72,13109179,22.3612564114,22.4878851242,22.2140137221,22.3023593357,13109179,0.0,1.0
375,2024-10-30,22.89,22.99,22.56,22.65,15919806,22.4692343835,22.5673961764,22.1453004671,22.2336460807,15919806,0.0,1.0
376,2024-10-31,22.93,23.165,22.6106,22.68,34406486,22.5084991007,22.7391793139,22.1949703343,22.2630946185,34406486,0.0,1.0
377,2024-11-01,22.73,23.095,22.72,22.86,15528910,22.312175515,22.6704660589,22.3023593357,22.4397858457,15528910,0.0,1.0
378,2024-11-04,23.04,23.225,22.74,22.81,17341843,22.6164770728,22.7980763896,22.3219916942,22.3907049492,17341843,0.0,1.0
379,2024-11-05,23.23,23.57,22.92,22.94,17781264,22.8029844792,23.1367345749,22.4986829214,22.5183152799,17781264,0.0,1.0
380,2024-11-06,22.5,23.55,22.305,23.55,16727080,22.0864033914,23.1171022163,21.8949878953,23.1171022163,16727080,0.0,1.0
381,2024-11-07,22.97,23.385,22.04,22.17,28744377,22.5477638178,22.9551352581,21.6348591443,21.762469475,28744377,0.0,1.0
382,2024-11-08,23.68,23.72,22.84,22.87,16635437,23.244712547,23.2839772642,22.4201534871,22.4496020249,16635437,0.0,1.0
383,2024-11-11,23.78,23.88,23.49,23.76,13838691,23.3428743399,23.4410361327,23.0582051406,23.3232419813,13838691,0.0,1.0
384,2024-11-12,23.65,23.95,23.632,23.76,10714179,23.2152640092,23.5097493877,23.1975948865,23.3232419813,10714179,0.0,1.0
385,2024-11-13,23.14,23.6,23.04,23.45,16481133,22.915870541,23.3714150721,22.8168391212,23.2228679424,16481133,0.205,1.0
386,2024-11-14,23.61,23.75,23.13,23.22,14017436,23.381318214,23.5199622017,22.905967399,22.9950956768,14017436,0.0,1.0
387,2024-11-15,23.82,24.13,23.44,23.52,16167897,23.5892841956,23.896281597,23.2129648004,23.2921899362,16167897,0.0,1.0
388,2024-11-18,23.72,24.005,23.67,23.805,14591634,23.4902527758,23.7724923222,23.4407370659,23.5744294826,14591634,0.0,1.0
389,2024-11-19,23.69,23.8,23.24,23.59,9838576,23.4605433499,23.5694779116,23.0149019608,23.3615119301,9838576,0.0,1.0
390,2024-11-20,23.78,23.78,23.562,23.66,7419121,23.5496716277,23.5496716277,23.3337831325,23.4308339239,7419121,0.0,1.0
391,2024-11-21,24.09,24.24,23.69,23.79,8331338,23.8566690291,24.0052161588,23.4605433499,23.5595747697,8331338,0.0,1.0
392,2024-11-22,24.08,24.31,24.001,24.25,10506181,23.8467658871,24.0745381526,23.7685310654,24.0151193007,10506181,0.0,1.0
393,2024-11-25,24.24,24.4,23.985,24.245,26971890,24.0052161588,24.1636664304,23.7526860383,24.0101677297,26971890,0.0,1.0
394,2024-11-26,24.12,24.46,23.94,24.275,12315695,23.886378455,24.2230852823,23.7081218994,24.0398771557,12315695,0.0,1.0
395,2024-11-27,24.13,24.405,24.05,24.21,11666932,23.896281597,24.1686180014,23.8170564611,23.9755067328,11666932,0.0,1.0
396,2024-11-29,24.08,24.24,23.88,24.0,7516546,23.8467658871,24.0052161588,23.6487030475,23.7675407512,7516546,0.0,1.0
397,2024-12-02,24.26,24.27,23.875,24.11,10173764,24.0250224427,24.0349255847,23.6437514765,23.876475313,10173764,0.0,1.0
398,2024-12-03,23.48,24.23,23.43,24.13,13665787,23.2525773683,23.9953130168,23.2030616584,23.896281597,13665787,0.0,1.0
399,2024-12-04,23.16,23.525,22.175,23.45,27219767,22.9356768249,23.2971415072,21.9602173399,23.2228679424,27219767,0.0,1.0
400,2024-12-05,23.13,23.46,23.0,23.39,13914495,22.905967399,23.2327710843,22.7772265533,23.1634490905,13914495,0.0,1.0
401,2024-12-06,22.84,23.35,22.82,23.24,9708774,22.6187762816,23.1238365226,22.5989699976,23.0149019608,9708774,0.0,1.0
402,2024-12-09,22.81,23.26,22.74,23.0,15267235,22.5890668557,23.0347082447,22.5197448618,22.7772265533,15267235,0.0,1.0
403,2024-12-10,22.74,22.975,22.39,22.77,10492471,22.5197448618,22.7524686983,22.1731348925,22.5494542877,10492471,0.0,1.0
404,2024-12-11,22.22,22.775,22.19,22.75,9433292,22.0047814789,22.5544058587,21.9750720529,22.5296480038,9433292,0.0,1.0
405,2024-12-12,22.32,22.635,21.7641,21.98,14949861,22.1038128987,22.415761871,21.553297236,21.7671060713,14949861,0.0,1.0
406,2024-12-13,22.21,22.31,21.94,22.28,9184286,21.9948783369,22.0939097567,21.7274935034,22.0642003307,9184286,0.0,1.0
407,2024-12-16,22.07,22.475,22.05,22.33,7786276,21.8562343492,22.2573115993,21.8364280652,22.1137160406,7786276,0.0,1.0
408,2024-12-17,22.04,22.175,21.86,22.1,10278517,21.8265249232,21.9602173399,21.6482683676,21.8859437751,10278517,0.0,1.0
409,2024-12-18,21.51,22.17,21.47,22.0,15272042,21.3016583983,21.955265769,21.2620458304,21.7869123553,15272042,0.0,1.0
410,2024-12-19,21.61,21.76,21.42,21.52,13049082,21.4006898181,21.5492369478,21.2125301205,21.3115615403,13049082,0.0,1.0
411,2024-12-20,21.77,21.97,21.47,21.52,22915124,21.5591400898,21.7572029294,21.2620458304,21.3115615403,22915124,0.0,1.0
412,2024-12-23,21.59,21.8257,21.53,21.71,13256919,21.3808835341,21.6143005906,21.3214646823,21.4997212379,13256919,0.0,1.0
413,2024-12-24,21.56,21.64,21.37,21.48,9164860,21.3511741082,21.430399244,21.1630144106,21.2719489724,9164860,0.0,1.0
414,2024-12-26,21.72,21.77,21.44,21.5,5970305,21.5096243799,21.5591400898,21.2323364044,21.2917552563,5970305,0.0,1.0
415,2024-12-27,21.53,21.805,21.53,21.59,9833618,21.3214646823,21.5938010867,21.3214646823,21.3808835341,9833618,0.0,1.0
416,2024-12-30,21.18,21.46,21.18,21.43,7123914,20.974854713,21.2521426884,20.974854713,21.2224332625,7123914,0.0,1.0
417,2024-12-31,21.35,21.43,21.22,21.25,6934216,21.1432081266,21.2224332625,21.0144672809,21.0441767068,6934216,0.0,1.0
